,pageNo,word,spelling,pronunciation,meaning,pos,IPA [B],language,class,sentence,source
0,১,অ,১,অ,বাংলা স্বরবর্ণের প্রথম বর্ণ,,ɔ,,,,
1,,অ,২,অ,সম্বোধনসূচক অব্যয়,সম্বোঅব,ɔ,,,"অ কপাল, অ মামুন",ব্যবহারিক বাংলা অভিধান
2,,অ,২,অ,উপসর্গ,উপ,ɔ,,ব্যা. [ব্যাকরণ],,
3,,অই,১,ওই,পদ্যে ছন্দের নির্দেশক স্বরবর্ণ,,ɔ͡i̯,স. [সংস্কৃত],,,
4,,অইরান,১,ওইরান্‌,বিরান,,ɔ͡i̯ran,ফা. [ফারসি],,,
5,,,১,,জনমানবহীন,,,,,,
6,,,২,,ধংসপ্রাপ্ত,,,,,,
7,,অউপকারী,১,অ-উপোকারী,"অপকারী, ",বি,ɔ͡u̯pokari,,,,
8,,,১,,যে উপকার করে না,,,,,,
9,,অঋণ,১,অরিন,ঋণাভাব,বি,ɔrin,স. [সংস্কৃত],অর্থ [অর্থনৈতিক],,
10,,অঋণী,১,অরিনি,ঋণামুক্ত,বিণ,ɔrini,স. [সংস্কৃত],অর্থ [অর্থনৈতিক],,
11,,,১,,ঋণশুন্য,,,,,,
12,,অংগুস্তানা,১,ওঙ্গুস্‌তানা,অঙ্গুলাবরণ,বি,ɔŋgust̪ana,ফা. [ফারসি],গার্হ [গার্হস্ব্যবিদ্যা],,
13,,,১,,সুচের খোঁচা থেকে রক্ষা পেতে ব্যবহৃত আচ্ছাদন,,,,,,
14,,,২,,চামাটি,,,,,,
15,,,৩,,মেজরাব,,,,,,
16,,অংগুষ্ঠানা,১,ওঙ্গুশঠানা,অঙ্গুলাবরণ,বি,ɔŋguʃtʰana,ফা. [ফারসি],গার্হ [গার্হস্ব্যবিদ্যা],,
17,,,১,,সুচের খোঁচা থেকে রক্ষা পেতে ব্যবহৃত আচ্ছাদন,,,,,,
18,,,২,,চামাটি,,,,,,
19,,,৩,,মেজরাব,,,,,,
20,,অংশ,১,অঙ্‌শো,ভাগ,,ɔŋʃo,স. [সংস্কৃত],,,
21,,,১,,খণ্ড,,,,,,
22,,,২,,অঞ্চল,,,,,,
23,, ,২,,স্থান,,,,,,
24,,,৩,,মালিকানা,,,,,,
25,,,৩,,স্বত্ব,,,,,,
26,,,৪,,দেবতার ঔরস,,,,,,
27,,,৪,,দেবতার বীর্য,,,,,,
28,,,৫,,অবতার,,,,,,
29,,,৬,,বিষয়,,,,,,
30,,,৬,,পক্ষ,,,,,,
31,,,৭,,প্রত্যঙ্গ,,,,,,
32,,,৮,,বৃত্ত-পরিধির ৩৬০ ভাগের ১ ভাগ,,,,,,
33,,,৯,,রাশিচিক্রের ত্রিংশ বা দ্বাদশ ভাগের এক ভাগ,,,,,,
34,,অংশক,১,অঙ্শো‌ক,জ্ঞাতি,বি,ɔŋʃok,স. [সংস্কৃত],,,
35,,,২,,দিন,,,,,,
36,,অংশগ্রাহী,১,অঙ্শো‌গ্রাহি,অংশীদার,বিণ,ɔŋʃograhi,স. [সংস্কৃত],,,
37,,,১,,শরিক,,,,,,
38,,অংশত,১,অঙশোতো,অংশক্রমে,ক্রিবিন,,,,,
39,,,১,,কিয়দংশে,,,,,,
40,,,১,,আংশিকভাবে,,,,,,
41,,অংশন,১,অঙ্‌শোন,বণ্টন,বি,ɔŋʃon,স. [সংস্কৃত],,,
42,,,১,,বিভাগকরণ,,,,,,
43,,অংশনীয়,১,অঙ্‌শোনীয়,বিভাজ্য,বিণ,ɔŋʃoniʲo,স. [সংস্কৃত],,,
44,,,১,,ভাগের উপযুক্ত,,,,,,
45,,অংশভাক,১,অঙ্‌শোভাক,অংশীদার,বিণ,ɔŋʃobʱak,স. [সংস্কৃত],,,
46,,,১,,উত্তরাধিকারী,,,,,,
47,,,২,,অংশ চায় এমন,,,,,,
48,,অংশভাগী,১,অঙ্‌শোভাগি,অংশ পাওয়ার যোগ্য,বিণ,ɔŋʃobʱagi,স. [সংস্কৃত],,,
49,,,১,,অংশীদার,,,,,,
50,,অংশমান,১,অঙ্‌শোমান,ভাগ-বাটোয়ারা হচ্ছে এমন,বিণ,ɔŋʃoman,স. [সংস্কৃত],,,
51,,অংশল,১,অঙ্‌শোল,বলবান,বিণ,ɔŋʃol,স. [সংস্কৃত],,,
52,,,১,,বলশালী,,,,,,
53,,অংশহর,১,অঙ্‌শোহর,অংশলোপ,,ɔŋʃohor,,,,
54,,,১,,অপহরণ করে এমন,,,,,,
55,,,২,,অংশগ্রহণকারী,,,,,,
56,,অংশহারী,১,অঙ্‌শোহর,অংশলোপ,বিণ,ɔŋʃohari,স. [সংস্কৃত],,,
57,,,১,,অপহরণ করে এমন,,,,,,
58,,,২,,অংশগ্রহণকারী,,,,,,
59,,অংশাংশ,১,অঙ্‌শাঙ্‌শো,১ ভাগের ভাগ,বি,ɔŋʃaŋʃo,স. [সংস্কৃত],,,
60,,,২,,ভিন্ন ভিন্ন ভাগ,,,,,,
61,,অংশাংশি,১,অঙ্‌শাঙ্‌শি,পরস্পর ভাগ-বাটোয়ারা,,ɔŋʃaŋʃi,স. [সংস্কৃত],,,
62,,,১,,ভাগাভাগি,,,,,,
63,,অংশা-অংশি,১,অঙ্‌শা-অঙ্‌শি,পরস্পর ভাগ-বাটোয়ারা,বি,ɔŋʃa-ɔŋʃi,স. [সংস্কৃত],,,
64,,,১,,ভাগাভাগি,,,,,,
65,,অংশানো,১,অঙ্‌শানো,উত্তরাধিকার সূত্রে প্রাপ্য হওয়া,ক্রি,ɔŋʃano,স. [সংস্কৃত],,,
66,,,১,,অংশীদার সূত্রে প্রাপ্য হওয়া,,,,,,
67,,,১,,বর্তানো,,,,,,
68,,অংশিত,১,অঙ্‌শিতো,ভিন্ন ভিন্ন ভাগে বিভক্ত,বিণ,ɔŋʃit̪o,স. [সংস্কৃত],,,
69,,,১,,বিভাজিত,,,,,,
70,২,অংশী ,১,ওঙ্‌শি,অংশবিশিষ্ট ,বিণ,,স. [সংস্কৃত],,,
71,,,২,,অংশ আছে এমন ,,,,,,
72,,,২,,ভাগ ,,,,,,
73,,অংশীদার ,১,ওঙ্‌শিদার,সম্পত্তি বা কারবারের অংশ আছে যার  ,বি,,,,,
74,,অংশীদারি,১ ,ওঙ্‌শিদাারি,অংশীদারের কাজ,বি,,,,,
75,,,,,ভাব বা অবস্থা ,,,,,,
76,,অংশু ,১,ওঙ্‌শু,কিরণ ,বি,,স. [সংস্কৃত],,,
77,,,,,রশ্মি,,,,,,
78,,,২,,তন্তু ,,,,,,
79,,,২,,আঁশ,,,,,,
80,,অংশুক ,১,ওঙ্‌শুক,সূক্ষ্ম বস্ত্র ,বি,,স. [সংস্কৃত],,,
81,,অংশুপট ,১,ওঙ্‌শুপট,গরদ তসর মটকা প্রভৃতি রেশমি সুতার কাপড় ,বি,,স. [সংস্কৃত],,,
82,,অংশুুময়ী ,১ ,ওঙ্‌শুমোয়ি,উজ্জ্বলা,বিণ,,স. [সংস্কৃত],,,
83,,,,,প্রভাবিশিষ্টা  ,,,,,,
84,, অংশুময় ,১ ,ওঙ্‌শুময়,উজ্জ্বল ,বিণ,,স. [সংস্কৃত],,,
85,,,,,প্রতিভাবিশিষ্ট ,,,,,,
86,,অংশুমালী ,১,ওঙ্‌শুমালি,সূর্য ,বি,,স. [সংস্কৃত],,,
87,,,২,,প্রদীপ্ত,,,,,,
88,,,২,,তেজময় ,,,,,,
89,,অংশুল ,১,,কিরণবিশিষ্ট ,বিণ,,স. [সংস্কৃত],,,
90,,অংশুশিরাল দেহ ,১,,যে দেহের শিরাসমূল একই কেন্দ্র থেকে সর্বত্র ব্যাপ্ত হয়,বি,,স. [সংস্কৃত],,,
91,, অংশ্যমান ,১,,ভাগ করা হয়েছে এমন ,বি,,স. [সংস্কৃত],,,
92,,অংস ,১,,স্কন্ধ ,বি,,স. [সংস্কৃত],,,
93,,,১ ,,কাঁধ ,,,,,,
94,,অংসকূট ,১,,ষাঁড়ের কাঁধের মাংসপিণ্ড ,বি,,স. [সংস্কৃত],,,
95,,,১,,ককুদ ,,,,,,
96,,অংসত্র ,১,, স্কন্ধরক্ষক ধর্ম বা আবরণী বিশেষ ,বি,,স. [সংস্কৃত],,,
97,,অংসফলক  ,১,,কাঁধের ত্রিকোণাকার অস্থিবিশেষ ,বি,,স. [সংস্কৃত],,,
98,, অংসফলকাস্থি ,১,,কাঁধের ত্রিকোণাকার অস্থিবিশেষ ,বি,,স. [সংস্কৃত],,,
99,,অংসভার ,১,,কাঁধের বোঝা,বি,,স. [সংস্কৃত],,,
100,,,২,,দায়িত্ব ,,,,,,
101,,অংসল ,১,,পুষ্টদেহ ,বিণ,,স. [সংস্কৃত],,,
102,,,১,,চওড়া কাঁধ বিশিষ্ট,,,,,,
103,,,১,,শক্তিশালী ,,,,,,
104,,অংসলা ,১,,দায়িিত্ব,বিণ,,স. [সংস্কৃত],,,
105,,,১,,পুষ্টদেহ ,,,,,,
106,,,১,,চওড়া কাঁধ বিশিষ্ট,,,,,,
107,,অংহ ,১,,পাপ,বি,,স. [সংস্কৃত],,,
108,,,১,,ধর্ম ,,,,,,
109,,,২,,অধঃপতন ,,,,,,
110,,অঁকোল  ,১,,আঁকড় নামক গাছ ,বি,,স. [সংস্কৃত],,,
111,,অক ,১,,পাপ ,বি,,স. [সংস্কৃত],,,
112,,,২,,দুঃখ ,,,,,,
113,,,২,,অশান্তি ,,,,,,
114,,অক ,১,,রূপকথার বৃহৎ পাখিবিশেষ ,বি,,ফা. [ফারসি],,,
115,,অকখর ,১,,অক্ষর,বি,,স. [সংস্কৃত],,,
116,,,১,, বর্ণ ,,,,,,
117,,অকচ ,১,,কেশবিহীন ,বিণ,,স. [সংস্কৃত],,,
118,,,১,,টেকো ,,,,,,
119,,অকট-বিকট ,১,, আঁকুবাঁকু ,বি,,স. [সংস্কৃত],,,
120,,,১,,ছটফট ,,,,,,
121,,অকটু ,১,, কটুতাহীন ,বি,,স. [সংস্কৃত],,,
122,,,১,,মধুর ,,,,,,
123,,অকঠোর ,১,, অকঠিন,বিণ,,স. [সংস্কৃত],,,
124,,,১,, অকর্কশ,,,,,,
125,,,১,, সদয়,,,,,,
126,,,২,, সহজ ,,,,,,
127,,,২,, সরল ,,,,,,
128,,অকণ্টক ,১,, কাঁটা নেই এমন ,বিণ,,স. [সংস্কৃত],,,
129,,,১,, কাঁটাশূন্য,,,,,,
130,,,১,, নিষ্কণ্টক ,,,,,,
131,,,২,, বাধাহীন,,,,,,
132,,,২,,উপদ্রবহীন ,,,,,,
133,,,২,,শত্রুহীন ,,,,,,
134,, অকণ্টকে  ,১,, নিরাপদে ,ক্রিবিন,,স. [সংস্কৃত],,,
135,,,১,,নির্বিঘ্নে ,,,,,,
136,,,১,,বিনা বাধায় ,,,,,,
137,,অকথন ,১,, এক কথায় প্রকাশ করার অযোগ্য ,বিণ,,স. [সংস্কৃত],,,
138,,,১,,অবক্তব্য ,,,,,,
139,,,২,, কুকথা ,বি,,স. [সংস্কৃত],,,
140,,,২,,অনুচিত কথা ,,,,,,
141,, অকথা ,১,, অশ্লীল বা অনুচিত কথা ,বি,,স. [সংস্কৃত],,,
142,, অকথিত,১,, অনুক্ত বা অনুচ্চারিত ,বিণ,,স. [সংস্কৃত],,,
143,,,২,,বলার অযোগ্য ,,,,,,
144,, অকথ্য ,১,,অশ্লীল বা অনুচিত কথা ,বিণ,,স. [সংস্কৃত],,,
145,,,১,,বলার অযোগ্য ,,,,,,
146,,,২,,কথায় প্রকাশ করা যায় না এমন ,,,,,,
147,, অকথন ,১,,বলার মত নয় এমন কথা ,বি,,স. [সংস্কৃত],,,
148,,,১,,গালি ,,,,,,
149,,,২,,অবর্ণনীয় ,,,,,,
150,,,২,,অনির্বচনীয় ,,,,,,
151,, অকনিষ্ঠ,১,, কনিষ্ঠ নেই এমন ,বিণ,,স. [সংস্কৃত],,,
152,,  অকনিষ্ঠ ,১,,পাপসক্ত,বিবিণ,,স. [সংস্কৃত],,,
153,,,,,পাপী ,,,,,,
154,, অকপট ,১,,সরল,বিণ,,,,,
155,,,১,,কপটতাহীন,,,,,,
156,, অকপটে ,১,,সরলভাবে,ক্রিবিন,,,,,
157,,,১,,গোপন না রেখে ,,,,,,
158,,অকপটচিত্ত,১,, সরলমনা,বিণ,,,,,
159,,,১,, অমায়িক স্বভাবসম্পন্ন ,,,,,,
160,,অকবজ ,১,,অনায়ত্ত,বিণ,,আ. [আরবি],,,
161,,,১,,অনধিকৃত ,,,,,,
162,, অকবি ,১,,কবি প্রতিভাহীন বা কবি নামের অযোগ্য ,বিবিণ,,স. [সংস্কৃত],,,
163,, অকমনীয় ,১,, অবাঞ্ছনীয়,বিণ,,স. [সংস্কৃত],,,
164,,,১,,কাম্য নয় এমন ,,,,,,
165,,,২,, অসুন্দর,,,,,,
166,,,২,,কুৎসিত ,,,,,,
167,,"অকম্প, অকম্পন, অকম্পিত, অকম্প্র",১,,স্থির,বিণ,,স. [সংস্কৃত],,,
168,,,১,,কম্পনশূন্য,,,,,,
169,,,১,,অবিচলিত,,,,,,
170,, অকম্পনীয় ,১,,কম্পনের অযোগ্য,বিণ,,স. [সংস্কৃত],,,
171,,,১,,কম্পনের মতো নয় এমন ,,,,,,
172,, অকর ,১,,নিষ্কর ,বিণ,,স. [সংস্কৃত],,,
173,,,১,,শুষ্কের অযোগ্য ,,,,,,
174,,,২,,হস্তহীন ,,,,,,
175,,,৩,,কিরণহীন ,,,,,,
176,,অকরণ ,১,,কর্মশূন্যতা,বি,,স. [সংস্কৃত],,,
177,,,১,,নিষ্ক্রিয়তা,,,,,,
178,,,২,,অবৈধ বা অন্যায় কাজ ,,,,,,
179,,অকরণী ,১,,যে রাশিকে ভাগ করলে ভাগশেষ থাকে না ,বি,,স. [সংস্কৃত],,,
180,,অকরণীয় ,১,,অকর্তব্য,বিণ,,স. [সংস্কৃত],,,
181,,,১,,করা উচিৎ নয় এমন ,,,,,,
182,,,২,,সম্পর্ক স্থাপনের অযোগ্য ,,,,,,
183,,অকরোটি ,১ ,,যে সকল প্রাণীর খুলির আংশিক বা সম্পূর্ণ নেই ,বি,,স. [সংস্কৃত],প্রাণি [প্রাণিবিজ্ঞান],,
184,,অকর্কশ ,১,,কোমন ,বিণ,,স. [সংস্কৃত],,,
185,,,১,,নরম ,,,,,,
186,,,২,,মসৃণ,,,,,,
187,,,২,,তেলতেলে,,,,,,
188,৩,অকর্ণ ,১,,কান নেই এমন ,বিবিণ,,স. [সংস্কৃত],,,
189,,,২ ,,বধির ,,,,,,
190,,,৩,,হালশূন্য ,,,,,,
191,,,৪,,সর্প ,বি,,স. [সংস্কৃত],প্রাণি [প্রাণিবিজ্ঞান],,
192,, অকর্তব্য ,১,,যা করা উচিৎ নয় এমন ,বিণ,,স. [সংস্কৃত],,,
193,,,,,অনুচিত ,,,,,,
194,,অকর্তা ,১ ,,কর্তা নয় যে,বিবিণ,,স. [সংস্কৃত],,,
195,,,২,,অপ্রধান ,,,,,,
196,,অকর্ম ,১ ,, কর্মের অভাব,বি,,স. [সংস্কৃত],,,
197,,,১ ,,নিষ্ক্র্রিয়তা ,,,,,,
198,,,২,,অপকর্ম ,,,,,,
199,,,২,,খারাপ কাজ ,,,,,,
200,,অকর্মক ,১ ,,যে ক্রিয়াপদের কর্ম নেই ,বিণ,,স. [সংস্কৃত],,,
201,,,২,,বেকার,,,,,,
202,,,২,,কর্মশূন্য,,,,,,
203,,অকর্মকাণ্ড ,১ ,,অপকর্মের ঘটা ,বি,,স. [সংস্কৃত],,,
204,,অকর্মণ্য ,১ ,,কর্মক্ষম নয় এমন ,বিণ,,স. [সংস্কৃত],,,
205,,,১ ,,অপটু,,,,,,
206,,,২,,অকেজো ,,,,,,
207,,,২,,ব্যবহারের অযোগ্য ,,,,,,
208,,অকর্মা ,১ ,,কোনো কাজের নয় এমন ,বিণ,,স. [সংস্কৃত],,,
209,,,২,,অলস ,,,,,,
210,,,৩,,কুকর্মকারী,,,,,,
211,,,৩,,অন্যায়কারী,,,,,,
212,,অকর্মিষ্ঠ ,১ ,,কুকর্মে রত ,বি,,,,,
213,,,২,,অকর্মণ্য,,,,,,
214,,অকল ,,,,,,,,,
215,,অলঙ্ক ,১,অকলোঙ্‌কো,কলঙ্কহীন ,বিণ,,স. [সংস্কৃত],,,
216,,,১,,অপবাদহীন ,,,,,,
217,,,১,,নির্দোষ ,,,,,,
218,,,২,, দাগশূন্য ,,,,,,
219,,,৩ ,,নির্মল,,,,,,
220,,,৩ ,,পবিত্র ,,,,,,
221,,,৩ ,,সুন্দর ,,,,,অকলঙ্ক হাস্যমুখে...ঘুমাইতে কার অঙ্কটিতে।,
222,,অকলঙ্কিত,১,অকলোঙ্‌কিতো,কলঙ্কী নয় এমন,বিণ,,স. [সংস্কৃত],,,
223,,,১,,সাধু,,,,,,
224,,,১,,নির্দোষ ,,,,,,
225,,অকলঙ্কী,১,অকলোঙ্কি,কলঙ্কী নয় এমন,বিণ,,স. [সংস্কৃত],,,
226,,,১,,সাধু,,,,,,
227,,,১,,নির্দোষ ,,,,,,
228,,অকলঙ্কিতা,১,,কলঙ্কী নয় এমন,,,,,,
229,,,১,,সাধু,,,,,,
230,,,১,,নির্দোষ ,,,,,,
231,,অকলঙ্কিনী,১,,,,,,,,
232,,অকলুষ,১,অকোলুশ,পাপ বা দোষের অভাব,বিণ,,স. [সংস্কৃত],,,
233,,,২,,নিষ্পাপ,,,,,,
234,,,২,,নির্দোষ,,,,,,
235,,অকলুষিত,,,,বিণ,,স. [সংস্কৃত],,,
236,,অকল্ক,১,অকল্‌কো,মলহীন,বিণ,,স. [সংস্কৃত],,,
237,,,১,,নির্মল,,,,,,
238,,,২,,নিষ্পাপ,,,,,,
239,,,৩,,নিরহঙ্কার,,,,,,
240,,অকল্কা,১,,জ্যোৎস্না,বি,,স. [সংস্কৃত],,এই নীল অকল্কায়।,
241,,অকল্পনা,১,অকল্‌পোনা,চিন্তার অভাব,বি,,স. [সংস্কৃত],,,
242,,,২,,কুমতলব,,,,,,
243,,,২,,খারাপ চিন্তা,,,,,,
244,,অকল্পিত ,১,অকোল্‌পিতো,মনগড়া বা কল্পিত নয় এমন,বিণ,,স. [সংস্কৃত],,,
245,,,১,,অকৃত্রিম,,,,,,
246,,,১,,প্রকৃত,,,,,,
247,,,১,,বাস্তব,,,,,,
248,,,২,,কল্পনা করা যায়নি এমন,,,,,,
249,,অকল্পনীয়,১,অকল্‌পোনিয়ো,কল্পনা করা যায় না এমন,বিণ,,স. [সংস্কৃত],,,
250,,অকল্মষ,১,অকল্‌মশ্‌,নিষ্পাপ,বিণ,,স. [সংস্কৃত],,,
251,,অকল্যাণ,১,"অকোল্‌লান, অকোল্যান",অমঙ্গল,বি,,স. [সংস্কৃত],,,
252,,,১,,অশুভ,,,,,,
253,,,২,,অমঙ্গলজনক,বিণ,,,,অকল্যান এই সুর।,
254,,অকল্যাণকর,১,,অমঙ্গলজনক,বিণ,,স. [সংস্কৃত],,,
255,,,১,,অশুভকর,,,,,,
256,,,১,,ক্ষতিকর,,,,,,
257,,অকল্যাণকারিণী স্ত্রী *,,,,,,,,,
258,,অকষ্ট,১,অকশ্‌টো,কষ্টশূন্য,বিণ,,স. [সংস্কৃত],,,
259,,,১,,ক্লেশহীন,,,,,,
260,,অকষ্টকল্পনা,১,,অনায়াসসাধ্য বা স্বতঃস্ফূর্ত কল্পনা,বি,,স. [সংস্কৃত],,,
261,,অকষ্টকল্পিত,,,,বিণ,,,,,
262,,অকষ্টবদ্ধ,১,,অতি কষ্টে গ্রথিত,বিণ,,স. [সংস্কৃত],,সাধু বাংলার বাক্য গঠন পদ্ধতি অকষ্টবদ্ধ।,
263,,,২,,অত্যন্ত সংকটাপন্ন,,,,,,
264,,,২,,অধিক দুঃখে পতিত,,,,,,
265,,,৩,,উভয় সঙ্কট,বি,,,,,
266,,,৩,,অপ্রতিহার্য বিপদ,,,,,,
267,,অকসর,,,,,,,,,
268,,অকস্মাৎ,১,অকোশ্‌শাঁত্‌,হঠাৎ,ক্রিবিন,,স. [সংস্কৃত],,ছেড়েছি সব অকস্মাতের আশা।,
269,,,১,,সহসা,,,,,,
270,,,১,,অতর্কিতে,,,,,,
271,,,১,,অজানিতভাবে,,,,,,
272,,,২,,আকস্মিক প্রাপ্তি বা ঘটনা,বি,,,,,
273,,অকাজ,১,অকাজ্‌,বাজে বা অন্যায় কাজ,বি,,বা. [বাংলা],,সে হলো অকাজের কাজী।,
274,, অকাট ১,,,,,,,,,
275,,অকাট  ২,১,অকাট্‌,অখণ্ডনীয়,বিণ,,স. [সংস্কৃত],,অকাট সত্য।,
276,,অকাট্য,১,অকাট্‌টো,কাটা যায় না এমন,বিণ,,স. [সংস্কৃত],,অকাট্য বস্তু।,
277,,,২,,খণ্ডন করা যায় না এমন,,,,,অকাট্য যুক্তি।,
278,,,২,,অখণ্ডনীয়,,,,,,
279,,,২,,চূড়ান্ত,,,,,আপাতস্বাচ্ছন্দ্যও একটা অকাট্য পদ্ধতির অন্তর্ভুক্ত।,
280,,,২,,অপরিবর্তনীয়,,,,,,
281,,অকাঠা,১,অকাঠা,বাজে কাঠ,বি,,,,,
282,,অকাণ্ড,১,অকান্‌ডো,কাণ্ডহীন,বিণ,,স. [সংস্কৃত],,,
283,,,১,,গুঁড়ি নেই এমন,,,,,,
284,,,২,,কুকার্য,বি,,,,,
285,,,২,,অঘটনীয় ব্যাপার,,,,,,
286,,অকাণ্ডে,১,,অসময়ে,ক্রিবিন,,স. [সংস্কৃত],,,
287,,,১,,অকারণে,,,,,,
288,,,১,,হঠাৎ,,,,,,
289,,অকাতর,১,অকাতর্‌/অকাতোর্‌,কাহিল নয় এমন,বিণ,,স. [সংস্কৃত],,,
290,,,১,,অব্যাকুল,,,,,,
291,,,১,,খেদহীন,,,,,কোনো চিন্তা নাই বাছা হয়ে অকাতর।,
292,,,২,,সুস্থ,,,,,,
293,,,২,,নীরোগ,,,,,অকাতর দেহে।,
294,,,৩,,অকাুণ্ঠ,,,,,অতি অকাতর চিত্ত।,
295,,অকাতরতা,,,,বি,,স. [সংস্কৃত],,,
296,,অকাতরে,১,,অকুণ্ঠচিত্তে,ক্রিবিন,,স. [সংস্কৃত],,অকাতরে দান করা।,
297,,,২,,অক্লেশে,,,,,অকাতরে পরিশ্রম করা।,
298,,,২,,অনায়াসে,,,,,,
299,,,৩,,নিশ্চিন্ত আরামে বা প্রগাঢ়ভাবে,,,,,অকাতরে ঘুমানো।,
300,,অকাপট্য,১,অকাপোট্‌টো,সারল্য,বি,,স. [সংস্কৃত],,,
301,,,১,,কপটশূন্যতা,,,,,,
302,,,২,,কামহীনতা,,,,,,
303,,,২,,ইন্দ্রিয়পরায়ণ নয় এমন ভাব,,,,,,
304,,অকাম ১,১,অকাম্‌,অবাঞ্ছনীয়,বিণ,,স. [সংস্কৃত],,,
305,,,১,,অনাভিপ্রেত,,,,,,
306,,অকাম্য,১,অকাম্‌মো,অবাঞ্ছনীয়,বিণ,,স. [সংস্কৃত],,,
307,,,১,,অনাভিপ্রেত,,,,,,
308,,অকাম ২,,,,,,,,,
309,,অকামিক ,১,অকামিক,হঠাৎ,অব,,,,বিধিক যখনে ভেল অকামিক।,
310,,,২,,অকারণ,,,,,অকামিক জাগি ঠৈলি সানন্দা।,
311,,অকাম্য,১,অকাম্‌,অবাঞ্ছনীয়,বিণ,,স. [সংস্কৃত],,,
312,,,১,,অনাভিপ্রেত,,,,,,
313,,অকায়,১,অকায়্‌,কায়াহীন,বিণ,,স. [সংস্কৃত],,"অকায়, অকঙ্কাল কলকাতা ছায়াময়।",
314,,,১,,দেহহীন,,,,,,
315,,,১,,রাহুগ্রহ,বি,,স. [সংস্কৃত],,,
316,,,২,,পরমাত্মা,,,,,,
317,,অকার,১,অকার্‌,অ'-বর্ণ বা ধ্বনি,,,,,,
318,,অকারান্ত,১,,অন্তে 'অ' ধ্বনিযুক্ত,বিণ,,,,,
319,,,১,,হসন্তান্ত ধ্বনি নয় এমন,,,,,,
320,৪,অকারণ ,১,অকারোন্‌,অহেতুক,বিণ,,স. [সংস্কৃত],,,
321,,,১,,কারণবিহীন,,,,,,
322,,,২,,ব্যর্থ,,,,,তুমি বিনে অকারণ জীবন যৌবন।,
323,,,২,,বিফল,,,,,,
324,,,২,,বৃথা,,,,,,
325,,,১,,অনর্থক,ক্রিবিন,,স. [সংস্কৃত],,,
326,,,১,,শুধু শুধু,,,,,,
327,,অকারণে,,,,ক্রিবিন,,স. [সংস্কৃত],,,
328,,অকারত,১,অকারত,অনর্থক,বিণ,,,,হামজা বলে সব অকারত।,
329,,,১,,অহেতুক,,,,,,
330,,,১,,বৃথা,,,,,,
331,,অকার্য,১,অকার্‌জো,অকাজ,বি,,স. [সংস্কৃত],,,
332,,,১,,কুকাজ,,,,,,
333,,,১,,বাজে কাজ,,,,,,
334,,,১,,অকর্তব্য ,বিণ,,স. [সংস্কৃত],,তাহা বস্তুত অকার্য।,
335,,,১,,অকরণীয়,,,,,,
336,,অকার্যকর,১,,কুুকর্মকারী,বিণ,,স. [সংস্কৃত],,,
337,,,২,,বৃথা,,,,,,
338,,,২,,নিষ্ফল,,,,,,
339,,অকার্যকরী,১,,কুকর্মকারী,বিণ,,স. [সংস্কৃত],,,
340,,,২,,বৃথা,,,,,,
341,,,২,,নিষ্ফল,,,,,,
342,,অকাল,১,অকাল্‌,অসময়,বি,,স. [সংস্কৃত],,,
343,,,১,,অপরিণত কাল,,,,,,
344,,,২,,দুর্ভিক্ষ,,,,,এ দেশে অকাল নাই।,
345,,,৩,,অপ্রশস্তকাল,,,,জ্যাবি [জ্যোতির্বিদ্যা],ওদিকে সামনে একটা অকাল চার পাঁচটা মাস জুড়িয়া।,
346,,,৩,,যে কাল শুভ কাজের উপযোগী নয়,,,,,,
347,,,১,,অসময়োচিত,বিণ,,স. [সংস্কৃত],,তেঁই শুখাইল জলপূর্ণ আলবাল অকাল নিদাঘে।,
348,,অকালে,১,,অসময়ে,ক্রিবিন,,স. [সংস্কৃত],,,
349,,,১,,অনুপযুক্ত কালে,,,,,,
350,,অকাল-অপক্ব,১,,বোকা,বিণ,,স. [সংস্কৃত],,হয় সে অকালপক্ব; নয় সে অকাল-অপক্ব।,
351,,,১,,বয়োসোচিত  ইয় বহার বা বুদ্ধির অভাব,,,,,,
352,,অকালকুষ্মান্ড,১,,অকালে উৎপন্ন কুমড়া,বি,,স. [সংস্কৃত],,,
353,,,২,,মূর্খ,,,,,,
354,,,২,,অকর্মণ্য,,,,,,
355,,,২,,অপদার্থ,,,,,,
356,,অকালজ,১,,নির্ধারিত সময়ের পূর্বে বা পরে জন্মেছে এমন,বিণ,,স. [সংস্কৃত],,,
357,,,১,,অকালে উৎপন্ন,,,,,,
358,,অকালজাত,১,,নির্ধারিত সময়ের পূর্বে বা পরে জন্মেছে এমন,বিণ,,স. [সংস্কৃত],,,
359,,,১,,অকালে উৎপন্ন,,,,,,
360,,অকালপক্ব,১,,অকালে পাকা,বিণ,,স. [সংস্কৃত],,,
361,,,২,,ইঁচড়ে পাকা,,,,,,
362,,,২,,বাল্যে বৃদ্ধের ন্যায় আচরণ যার,,,,,,
363,,অকালপক্বতা,,,,বি,,স. [সংস্কৃত],,,
364,,অকাল বার্ধক্য,১,,অসময়ে আগত বৃদ্ধাবস্থা,বি,,স. [সংস্কৃত],,,
365,,অকাল বৃদ্ধ,১,,যথাসময়ের পূর্বেই বার্ধক্যে উপনীত,বিণ,,স. [সংস্কৃত],,থেকো না অকালবৃদ্ধ বসিয়া একেলা।,
366,,অকালবোধন,১,,অসময়ে আহবান,বি,,স. [সংস্কৃত],,,
367,,,২,,অসময়ে কোনো কাজ সম্পাদন,,,,,,
368,,অকালমৃত্যু,১,,পরিণত বয়সের পূর্বে মৃত্যু,বি,,স. [সংস্কৃত],,,
369,,অকালসন্ধ্যা,১,,অসময়ে আগত সময়,বি,,স. [সংস্কৃত],,,
370,,অকালী,,,,,,,,,
371,,অকাল্পনিক,১,অকাল্‌পোনিক,কল্পনাপ্রসূত নয়,বিণ,,স. [সংস্কৃত],,"সে যে অকাল্পনিক, সে যে সত্য।",
372,,,১,,বাস্তব,,,,,,
373,,অকিঞ্চন,১,"অকিন্‌চন্‌, অকিন্‌চোন্‌",কিছুই নেই এমন,বিণ,,স. [সংস্কৃত],,নিতান্ত অকিঞ্চনের ঘরের হতভাগ্য মলিন শিশু।,
374,,,১,,নিঃস্ব,,,,,,
375,,,১,,দরিদ্র,,,,,,
376,,,২,,তুচ্ছ,,,,,"কৃপা প্রভু, কর অকিঞ্চনে।",
377,,,২,,নগণ্য,,,,,,
378,,,৩,,ইতর,,,,,আমি অতি হেয় ও অকিঞ্চন।,
379,,,৩,,মূঢ়,,,,,,
380,,,৩,,অধম,,,,,,
381,,অকিঞ্চনতা,,,,বি,,স. [সংস্কৃত],,,
382,,অকিঞ্চনত্ব,,,,বি,,স. [সংস্কৃত],,,
383,,অকিঞ্চিৎ,১,অকিন্‌চিত্‌,নগণ্য,বিণ,,স. [সংস্কৃত],,সংসার অতি অকিঞ্চিৎকর।,
384,,,১,,তুচ্ছ,,,,,,
385,,অকিঞ্চিৎকর,১,অকিন্‌চিত্‌কর্‌,নগণ্য,বিণ,,স. [সংস্কৃত],,সংসার অতি অকিঞ্চিৎকর।,
386,,,১,,তুচ্ছ,,,,,,
387,,অকিঞ্চিৎকরতা,১,,সামান্য অবস্থা,বি,,স. [সংস্কৃত],,এতকালের অকিঞ্চিৎকরতা থেকে।,
388,,,১,,নগণ্য ভাব,,,,,,
389,,অকীর্তি,১,অকির্‌তি,অখ্যাতি,বি,,স. [সংস্কৃত],,,
390,,,১,,নিন্দা,,,,,,
391,,,১,,দুর্নাম,,,,,,
392,,অকীর্তিকর,,,,বিণ,,স. [সংস্কৃত],,,
393,,অকীর্তিত,১,,প্রচারিত হয়নি এমন,বিণ,,স. [সংস্কৃত],,,
394,,,১,,অঘোষিত,,,,,,
395,,,১,,অজানা,,,,,,
396,,অকীর্ত,১,,প্রচারিত হয়নি এমন,বিণ,,স. [সংস্কৃত],,অন্য কন্যা চিত্র করে একথা অকীর্ত।,
397,,,১,,অঘোষিত,,,,,,
398,,,১,,অজানা,,,,,,
399,,অকু,১,অকু,ঘটনা,বি,,আ. [আরবি],,,
400,,,১,,দুর্ঘটনা,,,,,,
401,,,১,,অপরাধমূলক কার্য,,,,,,
402,,,১,,হাঙ্গামা,,,,,,
403,,অকুআত,১,অকুয়াত,ঘটনা,বি,,আ. [আরবি],,,
404,,,১,,দুর্ঘটনা,,,,,,
405,,,১,,অপরাধমূলক কার্য,,,,,,
406,,,১,,হাঙ্গামা,,,,,,
407,,অকুস্থল,১,,দুর্ঘটনাস্থল,বি,,আ. [আরবি],,তড়িঘড়ি অকুস্থান থেকে সরে পড়ে।,
408,,,১,,যে স্থলে অপরাধমূলক কার্য সংঘটিত হয়েছে,,,,,,
409,,,২,,ঘটনাস্থল,,,,,"আরো দু'একজন কৌতূহলী কথা শুনছে, অকুস্থল দেখছে।",
410,,অকুস্থান,১,,,,,,,,
411,,,১,,,,,,,,
412,,,২,,,,,,,,
413,,অকুটিল,১,অকুটিল,সরল,বিণ,,স. [সংস্কৃত],,,
414,,,১,,অকপট,,,,,,
415,,অকুটিলতা,১,,সরল,বি,,স. [সংস্কৃত],,,
416,,,১,,অকপট,,,,,,
417,,অকুটিলা,১,,সরল,,,,,,
418,,,১,,অকপট,,,,,,
419,,অকুণ্ঠ,১,অকুন্‌ঠো,অকাতর,বিণ,,স. [সংস্কৃত],,,
420,,,১,,অসঙ্কুচিত,,,,,,
421,,,২,,অব্যাহত,,,,,,
422,,,২,,অপ্রতিহত,,,,,,
423,,,৩,,অক্ষুব্ধ,,,,,,
424,,অকুণ্ঠিত,১,অকুন্‌ঠিতো,অকাতর,বিণ,,স. [সংস্কৃত],,,
425,অকুণ্ঠের মানে যা স্ত্রীবাচকের মানেও তাই,,১,,অসঙ্কুচিত,,,,,,
426,,,২,,অব্যাহত,,,,,অকুণ্ঠিত মর্যাদা আছিস দাঁড়ায়ে।,
427,,,২,,অপ্রতিহত,,,,,,
428,,,৩,,অক্ষুব্ধ,,,,,,
429,,অকুণ্ঠিতা,,,,,,,,তুমি অকুণ্ঠিতা।,
430,,অকুণ্ঠিতচিত্ত,১,,,বিণ,,স. [সংস্কৃত],,,
431,,,১,,,,,,,,
432,,,১,,,,,,,,
433,,অকুণ্ঠিতচিত্তে,,,,ক্রিবিন,,স. [সংস্কৃত],,,
434,,অকুতোভয়,১,অকুতোভয়্‌,কোথাও ভয় নেই এমন,বিণ,,স. [সংস্কৃত],,,
435,,,১,,নির্ভীক,,,,,,
436,,,১,,অসমসাহসিক,,,,,,
437,,অকুতোভয়া,,,,,,,,,
438,,অকুতোভয়তা,১,,ভয়শূন্যতা,বি,,স. [সংস্কৃত],,কার্যদক্ষতা ও অকুতোভয়তা প্রভৃতির প্রভূত পরিচয় প্রদান করিতে লাগিলেন।,
439,,,১,,অসমসাহসিকতা,,,,,,
440,,অকুফ,১,ওকুফ্‌,বুদ্ধি,বি,,আ. [আরবি],,তোমার বেটার নহে আক্কেল অকুফ।,
441,,,১,,কান্ডজ্ঞান,,,,,,
442,,অকুমার,১,অকুমার্‌,যথার্থ কুমার,বি,,স. [সংস্কৃত],,,
443,,,২,,পাঁচের অধিক বয়সের বালক,,,,,,
444,,অকুমারী,১,অকুমারি,তরুণী,বি,,স. [সংস্কৃত],,,
445,,,১,,নবীন যুবতী,,,,,,
446,,,২,,বারো বৎসরের অধিক বয়স্ক কুমারী,,,,,ঘন ঘন নিঃশ্বাস ছাড়এ অকুমারী।,
447,,অকুমারীব্রত,১,,হিন্দু কুমারীর পালনীয় অনুষ্ঠান বিশেষ,বি,,স. [সংস্কৃত],,,
448,,অকুল,১,অকুল,নীচ বংশ,বি,,স. [সংস্কৃত],,,
449,,,১,,বিবাহাদি সম্পর্কের অযোগ্য বংশ,,,,,,
450,,অকুলন,১,অকুলন,অভাব,বি,,স. [সংস্কৃত],,,
451,,,১,,অপ্রাচুর্য,,,,,,
452,,,১,,অনটন,,,,,,
453,,অকুলান,১,অকুলান্‌,অভাব,বি,,স. [সংস্কৃত],,কোনো কিছুর অকুলান হওয়া।,
454,,,১,,অপ্রাচুর্য,,,,,,
455,,,১,,অনটন,,,,,,
456,,অকুলীন,১,অকুলিন্‌,নীচবংশজাত,বিণ,,স. [সংস্কৃত],,অকুলীন ভাষা,
457,,,১,,বংশমর্যাদাহীন,,,,,,
458,,অকুশল,১,অকুশল্‌,অমঙ্গল,বি,,স. [সংস্কৃত],,,
459,,,১,,অশুভ,,,,,,
460,,,২,,অপটু,,,,,,
461,,,২,,অনিপুণ,,,,,,
462,,অকুস্থল,,,,,,,,,
463,,অকুস্থান,,,,,,,,,
464,,অকূল,১,অকুল্‌,তীরহীন,বিণ,,স. [সংস্কৃত],,অকূল মানস-সাগর জলে।,
465,,,১,,অপার,,,,,,
466,,,১,,অসীম,,,,,,
467,,,২,,গভীর,,,,,যেন কি অকূল চেনাচেনি।,
468,,,২,,নিবিড়,,,,,,
469,,,১,,কঠিন বিপদ,বি,,স. [সংস্কৃত],,অকূলে পড়া।,
470,,,১,,ঘোর সঙ্কট,,,,,,
471,,অকূল পাথার,১,,অসীম সমুদ্র,বি,,স. [সংস্কৃত],,,
472,,,১,,দুস্তর পারাবার,,,,,,
473,,,২,,কঠিন বিপদ,,,,,,
474,,,২,,মহাসঙ্কট,,,,,,
475,,অকূল-ভাসা,১,,কূলহীন পাথারে ভাসমান,বিণ,,স. [সংস্কৃত],,অকূল-ভাসা তরীর আমি মাঝি।,
476,,অকূলে কূল পাওয়া,১,,মহাবিপদ থেকে উদ্ধার পাওয়া,ক্রি,,স. [সংস্কৃত],,,
477,,,১,,ঘোর সঙ্কটে সাহায্য পাওয়া,,,,,,
478,,অকূলে ডুবা,১,,কঠিন বিপদগ্রস্ত হওয়া,ক্রি,,স. [সংস্কৃত],,,
479,,,১,,প্রাণ যাওয়ার উপক্রম হওয়া,,,,,,
480,,অকূলে ভাসা,১,,কঠিন বিপদগ্রস্ত হওয়া,ক্রি,,স. [সংস্কৃত],,,
481,,,১,,প্রাণ যাওয়ার উপক্রম হওয়া,,,,,,
482,,অকূলের ভেলা,১,,অসহায় অবস্থার আশ্রয়,বি,,স. [সংস্কৃত],,,
483,৫,অকৃত,১,অকৃত,করা হয়নি এমন,বিণ,,স. [সংস্কৃত],,,
484,,,১,,অসম্পাদিত,,,,,,
485,,,২,,নিরর্থক,,,,,,
486,,,২,,বিফল,,,,,,
487,,অকৃতর্মা,১,,অপটু,বিণ,,স. [সংস্কৃত],,,
488,,,১,,অপারগ,,,,,,
489,,,১,,অকর্মণ্য,,,,,,
490,,অকৃতকার্য,১,,নিষ্ফল,বিণ,,স. [সংস্কৃত],,,
491,,,১,,ব্যর্থ,,,,,,
492,,অকৃতকার্যতা,,,,বি,,স. [সংস্কৃত],,,
493,,অকৃতদার,১,,অবিবাহিত,বিণ,,স. [সংস্কৃত],,,
494,,,১,,অনূঢ়,,,,,,
495,,অকৃতধী,১,,অল্প বুদ্ধিসম্পন্ন,বিণ,,স. [সংস্কৃত],,,
496,,,১,,অস্থিরচিত্ত,,,,,,
497,,অকৃতনামী,১,,অখ্যাতা,বিণ,,স. [সংস্কৃত],,অচিরা সেই অকৃতনাম্নী প্রতিবাসিনী স্বর্ণালঙ্কারে ভূষিতা হইল।,
498,,,১,,অপ্রসিদ্ধ,,,,,,
499,,অকৃতনামা,,,,,,,,,
500,,অকৃতবিদ্য,১,,অশিক্ষিত,বিণ,,স. [সংস্কৃত],,অনেক অকৃতবিদ্য মূর্খেরও ঈশ্বর জ্ঞান আছে।,
501,,,১,,নিরক্ষর,,,,,,
502,,অকৃতঘ্ন,১,অকৃতঘ্‌নো,উপকারীর উপকার স্বীকার করে এমন,বিণ,,স. [সংস্কৃত],,,
503,,,১,,কৃতজ্ঞ,,,,,,
504,,,১,,নিমকহালাল,,,,,,
505,,অকৃতঘ্নতা,,,,বি,,স. [সংস্কৃত],,,
506,,অকৃতজ্ঞ,১,অকৃতগ্‌গোঁ,উপকারীর উপকার স্বীকার করে না এমন,বিণ,,স. [সংস্কৃত],,,
507,,,১,,,,,,,,
508,,অকৃতজ্ঞতা,,,,বি,,স. [সংস্কৃত],,,
509,,অকৃতদার,,,,,,,,,
510,,অকৃতধী,,,,,,,,,
511,,অকৃতনামা,,,,,,,,,
512,,অকৃতনামী,,,,,,,,,
513,,অকৃতবিদ্য,,,,,,,,,
514,,অকৃতাত্মা,১,অকৃতাত্‌তাঁ,অপবিত্র চিত্ত,বি,,স. [সংস্কৃত],,,
515,,,১,,অবিশুদ্ধ চিত্ত,,,,,,
516,,অকৃতাত্মা,১,অকৃতাত্‌তাঁ,অপবিত্র চিত্ত,বিণ,,স. [সংস্কৃত],,,
517,,,১,,অবিশুদ্ধ চিত্ত,,,,,,
518,,অকৃতাদর,১,অকৃতাদর্‌,অনাদৃত,বিণ,,স. [সংস্কৃত],,,
519,,,১,,অনভ্যর্থিত,,,,,,
520,,,২,,অনাদরকারী,,,,,,
521,,,২,,অন্যের প্রতি আদর দেখায়নি এমন,,,,,,
522,,অকৃতাপরাধ,১,অকৃতাপোরাধ্‌,নির্দোষ,বিণ,,স. [সংস্কৃত],,,
523,,,১,,নিরপরাধ,,,,,,
524,,,১,,অপরাধ করেনি এমন,,,,,,
525,,অকৃতার্থ,১,অকৃতার্‌থো,অকৃতকার্য,বিণ,,স. [সংস্কৃত],,পরীক্ষায় অকৃতার্থ হইবার বেদনা।,
526,,,১,,ব্যর্থ,,,,,,
527,,,২,,দরিদ্র,,,,,,
528,,,২,,অর্থ উপার্জন করেনি এমন,,,,,,
529,,অকৃতিত্ব,১,অকৃতিত্‌তো,অক্ষমতা,বি,,স. [সংস্কৃত],,,
530,,,১,,অপটুতা,,,,,,
531,,,১,,অযোগ্যতা,,,,,,
532,,অকৃতী,১,অকৃতি,অক্ষম,বিণ,,স. [সংস্কৃত],,অকৃতী আতুর অন্ধ অন্ন করে যায়।,
533,,,১,,অপটু,,,,,,
534,,,১,,অযোগ্য,,,,,,
535,,অকৃতোদ্বাহ,১,অকৃতোদ্‌বাহো,অবিবাহিত,বিণ,,স. [সংস্কৃত],,,
536,,অকৃতোদ্বাহা,,,,,,,,,
537,,অকৃত্য,১,অকৃত্‌তো,অকর্তব্য,বিণ,,স. [সংস্কৃত],,,
538,,,১,,অকরণীয়,,,,,,
539,,,১,,নিন্দিত কাজ,বি,,স. [সংস্কৃত],,,
540,,,১,,কুকাজ,,,,,,
541,,অকৃত্যকারী,১,,কুকর্মকারী,বিণ,,স. [সংস্কৃত],,,
542,,অকৃত্রিম,১,অকৃত্‌ত্রিম,নিশুদ্ধ,বিণ,,স. [সংস্কৃত],,অকৃত্রিম ঔষধ।,
543,,,১,,খাঁটি,,,,,,
544,,,১,,আসল,,,,,,
545,,,২,,অকপট,,,,,অকৃত্রিম হাসি।,
546,,,২,,ছলন্যাশূন্য,,,,,,
547,,অকৃত্রিমতা,,,,বি,,স. [সংস্কৃত],,,
548,,অকৃপ,১,অকৃপ,নির্দয়,বিণ,,স. [সংস্কৃত],,,
549,,,১,,নিষ্ঠুর,,,,,,
550,,অকৃপা,,,,বি,,স. [সংস্কৃত],,,
551,,অকৃপণ,১,অকৃপোন্‌,মুক্তহস্ত,বিণ,,স. [সংস্কৃত],,অনেক দেছেন যিনি মানবেরে অকৃপণ করে।,
552,,,১,"অকৃপন,",বদান্য,,,,,,
553,,,২,,অমিতব্যায়ী,,,,,,
554,,,৩,,প্রচুর,,,,,উদার অকৃপণ.,
555,,অকৃপণতা,,,,বি,,,,,
556,,অকৃষ্ট,১,অকৃশ্‌টো,চষা হয়নি এমন,বিণ,,,,,
557,,,১,,অকর্ষিত,,,,,অকৃষ্ট জমি।,
558,,অকৃষ্টপচ্য,১,,পতিত জমিতে যে শস্যাদি উৎপন্ন হয়ে থাকে,বি,,,,পর্বতে অকৃষ্টপচ্য গম আর দ্রাক্ষালতা জন্মায়।,
559,,অকৃষ্ণ,১,অকৃশ্‌নো,কৃষ্ণবর্ণ নয় এরূপ,বিণ,,স. [সংস্কৃত],,,
560,,,১,,কালো ছাড়া অন্য যেকোনো রংবিশিষ্ট,,,,,,
561,,,২,,সাদা,,,,,অকৃষ্ণ বরণে কহি পীতবরণ।,
562,,অকৃষ্ণকর্মা,১,,নিষ্পাপ,বিণ,,,,,
563,,,১,,দুষ্কার্যহীন,,,,,,
564,,,১,,নিষ্কলঙ্ক,,,,,,
565,,অকেজো,১,অকেজো,কাজের অযোগ্য,বিণ,,,,অকেজো লোক।,
566,,,১,,যা কোনো কাজে আসে না,,,,,অকেজো গাড়ি।,
567,,,১,,অকর্মণ্য,,,,,,
568,,অকেলাস,১,অকেলাশ্‌,দানা বাঁধে না এমন,বিণ,,স. [সংস্কৃত],,কয়লাকে বলা হয় অকেলাস বা দানাহীন কার্বন।,
569,,কেলাসিত,১,,দানাযুক্ত,বিণ,,,,,
570,,অকেশ,১,অকেশ্‌,কেশহীন,বিণ,,স. [সংস্কৃত],,,
571,,,১,,টেকো,,,,,,
572,,অকেশী,১,,কেশহীন,,,,,,
573,,,১,,টেকো,,,,,,
574,,অকেশা,১,,কেশহীন,,,,,,
575,,,১,,টেকো,,,,,,
576,,অকৈতব,১,অকোইতব্‌,অকপট,বিণ,,স. [সংস্কৃত],,,
577,,,১,,অকৃত্রিম,,,,,,
578,,,১,,সরল,,,,,,
579,,অকোপ,১,অকোপ্‌,ক্রোধশূন্যতা,বি,,স. [সংস্কৃত],,,
580,,,১,,ক্রোধশূন্য,বিণ,,,,,
581,,,১,,রাগ নেই এমন,,,,,,
582,,অকোপী,১,,ক্রোধশূন্য,বিণ,,,,,
583,,,১,,রাগ নেই এমন,,,,,,
584,,অকোবিদ,১,অকোবিদ্‌,অপণ্ডিত,বিণ,,স. [সংস্কৃত],,,
585,,,১,,মূর্খ,,,,,,
586,,অকৌশল,১,অকোউশল্‌,অপটুতা,বি,,স. [সংস্কৃত],,"অকৌশল, নিরানন্দ এবং পরশ্রীকাতরতা পরিপূর্ণ।",
587,,,১,,কৌশলের অভাব,,,,,,
588,,,২,,বিরোধ,,,,,,
589,,,২,,ঝগড়া,,,,,,
590,,অক্কা,১,অক্‌কা,প্রভু,বি,,ফা. [ফারসি],,,
591,,,১,,মালিক,,,,,,
592,,অক্কা পাওয়া,১,,মরে যাওয়া,ক্রি,,,ব্যা. [ব্যাকরণ],,
593,,অক্কাপ্রাপ্তি,১,,মরে যাওয়া,বি,,,,,
594,,অক্টোপাস,১,অক্‌টোপাশ্‌,অষ্টভুজ সামুদ্রিক প্রাণীবিশেষ,বি,,ই. [ইংরেজি],,,
595,,,২,অক্‌টোপাস্‌,ব্যাপকভাবে অনিষ্টকর প্রভাবযুক্ত শক্তি বিশেষ,,,,,কি অক্টোপাসের পাল্লাতেই না পড়েছিল সে,
596,,,৩,,চতুর্দিক থেকে বেষ্টিত,,,,,,
597,,,৪,,আক্রান্ত ও বিপন্ন হওয়া,,,,,,
598,,অক্টোবর,১,অক্‌টোবর্‌,ইংরেজি বৎসরের দশম মাস,বি,,ই. [ইংরেজি],,,
599,,অক্রম,১,অক্‌ক্রম্‌,ক্রমশূন্য,বিণ,,স. [সংস্কৃত],,,
600,,,১,,বিশৃঙ্খল,,,,,,
601,,,১,,এলোমেলো,,,,,,
602,,,১,,শৃঙ্খলার অভাব,বি,,,,,
603,,,১,,বিপর্যাস,,,,,,
604,,অক্রিয়,১,অক্‌ক্রিয়ো,নিষ্ক্রিয়,বিণ,,স. [সংস্কৃত],,অক্রিয় অবকাশ,
605,,,১,,বেকার,,,,,,
606,,,২,,নিরুদ্যম,,,,,,
607,,,৩,,অচল,,,,,,
608,,,৩,,ক্রিয়াশূন্য,,,,,,
609,,অক্রিয়তা,,,,বি,,,,,
610,,অক্রিয়ত্ব,,,,,,,,,
611,,অক্রিয়কর্মা,১,,কুকাজ করে এমন,বিণ,,,,,
612,,,১,,কুকর্মা,,,,,,
613,৬,অক্রিয়া,১,অক্‌ক্রিয়া,কর্মশূন্যতা,বি,,স. [সংস্কৃত],,,
614,,,১,,নিষ্ক্রিয়তা,,,,,,
615,,,২,,অন্যায় কার্য,,,,,,
616,,,২,,অবৈধ ক্রিয়া,,,,,,
617,,অক্রিয়ানিষ্ঠ,১,,কুকর্মে রত,বিণ,,,,,
618,,অক্রিয়ান্বিত,১,,কুকর্মে রত,বিণ,,,,,
619,,অক্রিয়ারত,১,,কুকর্মে রত,বিণ,,,,,
620,,অক্রিয়াসক্ত,১,,কুকর্মে রত,বিণ,,,,,
621,,অক্রিয়াচরণ,১,,কুব্যবহার,বি,,,,,
622,,,১,,অবৈধ,,,,,,
623,,অক্রীত,১,অক্‌ক্রিতো,ক্রয় করা হয়নি এমন,বিণ,,স. [সংস্কৃত],,,
624,,,২,,কেনার মতো নয় এমন,,,,,,
625,,অক্রুদ্ধ,১,অক্রুদ্‌ধো,আড়ষ্ট,বিণ,,স. [সংস্কৃত],,,
626,,,১,,ক্রোধহীন,,,,,,
627,,অক্রূর,১,অক্‌ক্রুর্‌,সরল,বিণ,,স. [সংস্কৃত],,,
628,,,১,,অকুটিল,,,,,,
629,,,১,,কৃষ্ণের পিতৃব্য,বি,,,,,
630,,অক্রেয়,১,অক্‌ক্রেয়,দুর্মূল্য,বিণ,,স. [সংস্কৃত],,,
631,,,১,,মহার্ঘ,,,,,,
632,,,১,,আক্রা,,,,,,
633,,অক্রেয়তা,১,,দুর্মূল্য,বি,,,,,
634,,,১,,মহার্ঘ,,,,,,
635,,,১,,আক্রা,,,,,,
636,,অক্রোধ,১,অক্‌ক্রোধ,ক্রোধশূন্যতা,বি,,স. [সংস্কৃত],,,
637,,,১,,ক্রোধহীন,বিণ,,,,তিনি অক্রোধ ও ক্ষমাশীল,
638,,,১,,রোষশূন্য,,,,,,
639,,অক্রোধিত,,,,বিণ,,,,,
640,,অক্রোধী,,,,বিণ,,,,,
641,,অক্লান্ত,১,অক্লান্‌তো,ক্লান্তিহীন,বিণ,,,,,
642,,,১,,অশ্রান্ত,,,,,,
643,,,১,,ক্লান্তিহীনভাবে,ক্রিবিন,,,,,
644,,,১,,ক্রমাগত,,,,,,
645,,অক্লান্তকর্মা,১,,পরিশ্রমে অকাতর,বিণ,,,,,
646,,,১,,অতিশয় পরিশ্রমী,,,,,,
647,,অক্লিষ্ট,১,অক্লিশ্‌টো,ক্লান্তিশূন্য,বিণ,,স. [সংস্কৃত],,,
648,,,১,,শ্রান্তিহীন,,,,,,
649,,,১,,অদম্য,,,,,,
650,,,২,,নিবৃত্তিহীন,,,,,,
651,,,২,,অদম্য,,,,,,
652,,,২,,নিরবচ্ছিন্ন,,,,,,
653,,,৩,,অম্লান,,,,,,
654,,অক্লিষ্টকর্মা,১,,পরিশ্রমে অকাতর,,,,,,
655,,,১,,অক্লেশে কর্মসমাপনকারী,বিণ,,,,,
656,,অক্লীব,১,অক্‌ক্লিব্‌,পুরুষত্ববিশিষ্ট,বিণ,,,,,
657,,,১,,বীর্যবান,,,,,,
658,,,২,,ধৈর্যশীল,,,,,,
659,,,২,,সহিষ্ণু,,,,,,
660,,অক্লেশ,১,অক্‌ক্লেশ,ক্লেশের অভাব,বি,,,,,
661,,,১,,ক্লেশহীন,বিণ,,,,,
662,,অক্লেশে,১,,অনায়াসে,ক্রিবিন,,স. [সংস্কৃত],,,
663,,,১,,বিনা পরিশ্রমে,,,,,,
664,,,১,,সহজে,,,,,,
665,,অক্ষ,১,অক্‌খো,ক্রীড়াবিশেষ,বি,,স. [সংস্কৃত],,নির্জীব শুষ্ক অক্ষকে শুকিয়ে দিচ্ছে।,
666,,,১,,পাশা,,,,,,
667,,,২,,মেরুকেন্দ্র রেখা,,,,ভূগো [ভূগোল],,
668,,,৩,,রুদ্রাক্ষ বীজ,,,,,হেরিবে তাহার অক্ষরাজিতে তোমারি সে নামমালা,
669,,,৪,,বিষুবরেখা থেকে কোনো স্থানের কৌণিক দুরত্ব,,,,,,
670,,,৫,,ইন্দ্রিয়,,,,,,
671,,,৬,,চক্ষু,,,,,কুম্ভকার চক্র যেন ঘুরে দুই অক্ষ,
672,,অক্ষক্রীড়া,১,,পাশাখেলা,বি,,,,,
673,,অক্ষটি,১,,পৃথক ভুক্তি,,,,,,
674,,অক্ষত,১,,পৃথক ভুক্তি,,,,,,
675,,অক্ষপাদ,১,,ন্যায়শাস্ত্র-প্রণেতা,,,,,,
676,,,১,,গৌতম ঋষি,,,,,,
677,,অক্ষবাট,১,,কুস্তির আখড়া,বি,,,,,
678,,,২,,পাশা খেলার আড্ডা,,,,,,
679,,অক্ষমালা,১,,রুদ্রাক্ষমালা,বি,,,,,
680,,,১,,জপমালা,,,,,,
681,,অক্ষসূত্র,১,,রুদ্রাক্ষমালা,বি,,,,,
682,,,১,,জপমালা,,,,,,
683,,অক্ষবৃত্ত,১,,বিষুবরেখা থেকে সমদূরবর্তী উত্তর ও দক্ষিণের কল্পিত রেখা,বি,,,ভূগো [ভূগোল],,
684,,অক্ষরেখা,১,,বিষুবরেখা থেকে সমদূরবর্তী উত্তর ও দক্ষিণের কল্পিত রেখা,,,,,,
685,,অক্ষহার,১,,জপমালার বীজের হার,বি,,,,"অঙ্গে পরিব গৈরিক বাস, গলায় অক্ষহার",
686,,অক্ষত,১,অক্‌খতো,ক্ষতশূন্য,বিণ,,স. [সংস্কৃত],,,
687,,,১,,আঘাতহীন,,,,,,
688,,,২,,নির্দোষ,,,,,,
689,,,২,,নিখুঁত,,,,,,
690,,,৩,,অখণ্ডিত,,,,,,
691,,,৩,,অচ্ছিন্ন,,,,,,
692,,,১,,আতপ চাল,বি,,,,,
693,,অক্ষতদেহ,১,,ক্ষতহীন দেহ,বি,,,,,
694,,,১,,নিখুঁত বা অবিকৃত শরীর,,,,,,
695,,,১,,ক্ষতহীন দেহ বিশিষ্ট,বিণ,,,,,
696,,,১,,অবিকৃত অঙ্গবিশিষ্ট,,,,,,
697,,অক্ষতশরীর,১,,ক্ষতহীন দেহ,বি,,,,,
698,,,১,,নিখুঁত বা অবিকৃত শরীর,,,,,,
699,,,১,,ক্ষতহীন দেহ বিশিষ্ট,বিণ,,,,,
700,,,১,,অবিকৃত অঙ্গবিশিষ্ট,,,,,,
701,,অক্ষতদেহে,,,,ক্রিবিন,,,,,
702,,অক্ষতশরীরে,,,,ক্রিবিন,,,,,
703,,অক্ষতযোনি,১,,পুরুষসঙ্গম হয়নি এমন নারী,বিণ,,,,,
704,,,১,,কুমারী,,,,,,
705,,অক্ষম,১,অক্‌খম্‌,ক্ষমতাহীন,বিণ,,স. [সংস্কৃত],,,
706,,,১,,দুর্বল,,,,,,
707,,,২,,অসমর্থ,,,,,,
708,,,২,,অপটু,,,,,,
709,,,৩,,অযোগ্য,,,,,,
710,,অক্ষমতা,,,,বি,,,,,
711,,অক্ষমা ২,১,অক্‌খমা,ক্রোধ,বি,,স. [সংস্কৃত],,,
712,,,১,,ক্ষমাশূন্যতা,,,,,,
713,,,২,,অসহিষ্ণুতা,,,,,,
714,,অক্ষয়,১,অক্‌খয়্‌,ক্ষয়হীন,বিণ,,স. [সংস্কৃত],,,
715,,,১,,অমর,,,,,,
716,,,১,,চিরস্থায়ী,,,,,,
717,,,২,,অফুরন্ত,,,,,,
718,,অক্ষয়কীর্তি,১,,চিরদিন বর্তমান থাকে এরুপ কাজ বা প্রতিষ্ঠান,,,,,,
719,,,২,,চিরস্থায়ী খ্যাতি বা যশ,,,,,,
720,,অক্ষয়তৃতীয়া,১,,চান্দ্র বৈশাখের শুক্লাতৃতীয়া,বি,,,,,
721,,,১,,হিন্দুপর্ববিশেষ,,,,,,
722,,অক্ষয়লোক,১,,স্বর্গ,বি,,,,,
723,,,১,,বেহেশত,,,,,,
724,,অ-ক্ষর,১,অক্‌খর্‌,ক্ষরণশূন্য,বিণ,,স. [সংস্কৃত],,অক্ষরজ্ঞান যদি সকলেই পাই,
725,,,১,,স্থিতিশীল,,,,,অ-ক্ষর অব্যয়,
726,,অক্ষর,১,অক্‌খোর্‌,বর্ণ,বিণ,,স. [সংস্কৃত],,,
727,,,১,,হরফ,,,,,,
728,,,১,,একেবারে উচ্চারণযোগ্য শব্দের ক্ষুদ্রতম অংশ,,,,,,
729,,,২,,সিসা নির্মিত হরফ,,,,,,
730,,অক্ষরজীবক,১,,লিপিকর,বি,,,,,
731,,,১,,লেখক,,,,,,
732,,,১,,মুদ্রাকর,,,,,,
733,,অক্ষরডম্বর,১,,অক্ষরের আড়ম্বরযুক্ত বা ঘটাপূর্ণ,বিণ,,,,বাণভট্টের হর্ষচরিত অক্ষরডম্বর হলেও কেবলয়াত্র ধ্বনিসার নয়,
734,,অক্ষর পরিচয়,১,,বর্ণজ্ঞান,বি,,,,,
735,,,২,,পাঠারম্ভ,,,,,,
736,,,৩,,সামান্যতম জ্ঞান,,,,,,
737,,অক্ষর বিন্যাস,১,,শ্রেণিবদ্ধভাবে অক্ষর সাজানো বা লিখন,,,,,,
738,,,১,,বর্ণসংস্থাপন,,,,,,
739,,অক্ষরমালা,১,,বর্ণমালা,বি,,,,,
740,,অক্ষরে অক্ষরে,১,,যথাযথভাবে,ক্রিবিন,,,,,
741,,,১,,অবিকল,,,,,,
742,,,১,,হুবহু,,,,,,
743,,,১,,ঠিক ঠিক,,,,,,
744,,অক্ষরান্তরীকরণ,১,,এক ভাষার শব্দকে অন্য ভাষায় অক্ষরে প্রকাশ করা,বি,,,,,
745,,,১,,প্রতিবর্ণীকরণ,,,,,,
746,,,১,,অনুলিখন,,,,,,
747,,অক্ষাংশ,১,অক্‌খাঙ্‌শো,*,বি,,স. [সংস্কৃত],ভূগো [ভূগোল],,
748,,অক্ষার,১,অক্‌খার্‌,যা ক্ষার নয়,বি,,স. [সংস্কৃত],,,
749,,অক্ষারলবণ,১,,সৈন্ধবাদি লবণ,বি,,,,,
750,,অক্ষি,১,ওক্‌খি,চোখ,বি,,স. [সংস্কৃত],,চকিত রহিল অক্ষি পালক পাসরি,
751,,,১,,আঁখি,,,,,,
752,,অক্ষিকাচ,১,,পরকলা,বি,,,,,
753,,অক্ষিকোটর,১,,চোখের খোল,বি,,,,,
754,,অক্ষিগত,১,,দৃষ্টিগোচর,বিণ,,,,,
755,,অক্ষিগোলক,১,,চোখের অভ্যন্তরস্থ সমস্ত গোলাকার অংশ,বি,,,,,
756,,অক্ষিতারকা,১,,চোখের তারা,বি,,,,,
757,,অক্ষিপক্ষ্ম,১,,চোখের পাতার লোম,বি,,,,,
758,,অক্ষিলোম,১,,চোখের পাতার লোম,বি,,,,,
759,,অক্ষিপট,১,,অক্ষিগোলকের পশ্চাদ্‌ভাগস্থ অতি সূক্ষ্ম ঝিল্লি বা পর্দা,বি,,,প্রাণি [প্রাণিবিজ্ঞান],,
760,,অক্ষিপটল,১,,চোখের পাতা,বি,,,,,
761,,অক্ষিপুট,১,,চোখের পাতা,বি,,,,,
762,৭,,,,,,,,,,
